Transcript ID	Prediction	Noncoding Score
OTTMUST00000102578.1	noncoding	0.9742
OTTMUST00000152916.2	noncoding	0.6884
OTTMUST00000094890.5	coding	0.0000
OTTMUST00000067827.2	noncoding	0.7876
OTTMUST00000156660.1	coding	0.0995
OTTMUST00000071075.1	noncoding	0.5662
OTTMUST00000025370.1	noncoding	0.9312
OTTMUST00000072532.1	noncoding	0.9022
OTTMUST00000093777.1	noncoding	0.9194
OTTMUST00000084348.1	noncoding	0.8649
OTTMUST00000093945.1	noncoding	0.8538
OTTMUST00000079821.1	noncoding	0.9994
OTTMUST00000138198.1	noncoding	0.9214
OTTMUST00000117133.1	coding	0.0024
OTTMUST00000061055.1	noncoding	0.7914
OTTMUST00000138516.1	noncoding	0.9475
OTTMUST00000087975.1	noncoding	0.5792
OTTMUST00000049826.1	noncoding	0.9527
OTTMUST00000067973.1	noncoding	0.8543
OTTMUST00000101210.2	noncoding	0.9052
OTTMUST00000068728.1	noncoding	0.9244
OTTMUST00000066926.3	noncoding	0.9487
OTTMUST00000002322.2	noncoding	0.7537
OTTMUST00000053682.1	noncoding	0.8125
OTTMUST00000153185.1	noncoding	0.9512
OTTMUST00000057361.1	noncoding	0.8100
OTTMUST00000039465.5	coding	0.1666
OTTMUST00000024187.1	noncoding	0.9178
OTTMUST00000133755.1	coding	0.0896
OTTMUST00000088005.3	coding	0.2600
OTTMUST00000113064.1	noncoding	0.7919
OTTMUST00000071869.1	noncoding	0.7820
OTTMUST00000035568.1	noncoding	0.9377
OTTMUST00000033051.3	coding	0.1940
OTTMUST00000000511.1	coding	0.2945
OTTMUST00000147586.1	noncoding	0.8826
OTTMUST00000118217.1	coding	0.0523
OTTMUST00000149419.1	coding	0.3064
OTTMUST00000139989.2	noncoding	0.9067
OTTMUST00000084628.1	noncoding	0.5867
OTTMUST00000072569.2	coding	0.3701
OTTMUST00000013166.2	noncoding	0.9807
OTTMUST00000098272.2	coding	0.0683
OTTMUST00000038257.1	noncoding	0.9198
OTTMUST00000054445.1	noncoding	0.6157
OTTMUST00000124078.3	noncoding	0.7345
OTTMUST00000154048.1	noncoding	0.8576
OTTMUST00000103207.1	noncoding	0.9374
OTTMUST00000092254.1	coding	0.2510
OTTMUST00000047226.1	coding	0.3405
OTTMUST00000021133.1	noncoding	0.8623
OTTMUST00000158307.1	noncoding	0.7305
OTTMUST00000049811.1	noncoding	0.7173
OTTMUST00000157109.1	noncoding	0.9276
OTTMUST00000087878.1	noncoding	0.9548
OTTMUST00000158190.1	noncoding	0.8791
OTTMUST00000118765.1	noncoding	0.8962
OTTMUST00000073655.1	coding	0.4160
OTTMUST00000097472.1	noncoding	0.8742
OTTMUST00000091806.1	coding	0.0005
OTTMUST00000001934.3	coding	0.2921
OTTMUST00000013894.3	noncoding	0.9369
OTTMUST00000054650.1	noncoding	0.7890
OTTMUST00000011985.1	noncoding	0.8839
OTTMUST00000016578.2	noncoding	0.8734
OTTMUST00000064614.1	coding	0.2075
OTTMUST00000112194.3	coding	0.2970
OTTMUST00000015592.2	noncoding	0.9169
OTTMUST00000076835.2	noncoding	0.9068
OTTMUST00000060473.2	noncoding	0.9218
OTTMUST00000103265.3	noncoding	0.9431
OTTMUST00000086372.2	noncoding	0.9550
OTTMUST00000058026.2	coding	0.3121
OTTMUST00000086353.1	noncoding	0.8807
OTTMUST00000080630.2	noncoding	0.8924
OTTMUST00000082766.2	noncoding	0.9721
OTTMUST00000157406.1	coding	0.2383
OTTMUST00000125394.1	coding	0.1651
OTTMUST00000066042.3	noncoding	0.6752
OTTMUST00000141495.1	noncoding	0.9200
OTTMUST00000152646.1	noncoding	0.8633
OTTMUST00000150581.1	noncoding	0.9489
OTTMUST00000088465.2	noncoding	0.9193
OTTMUST00000083480.1	noncoding	0.9053
OTTMUST00000128905.1	coding	0.0000
OTTMUST00000054070.1	noncoding	0.9361
OTTMUST00000062646.1	noncoding	0.9394
OTTMUST00000150334.1	noncoding	0.8694
OTTMUST00000001949.1	noncoding	0.9678
OTTMUST00000014084.1	noncoding	0.9242
OTTMUST00000090596.2	coding	0.2637
OTTMUST00000054719.2	noncoding	0.7712
OTTMUST00000110941.2	noncoding	0.8949
OTTMUST00000102772.1	noncoding	0.9561
OTTMUST00000125301.2	noncoding	0.9313
OTTMUST00000082753.1	noncoding	0.6940
OTTMUST00000003158.2	noncoding	0.8823
OTTMUST00000149823.1	noncoding	0.5778
OTTMUST00000151075.1	noncoding	0.9124
OTTMUST00000066963.1	noncoding	0.9346
OTTMUST00000097369.1	noncoding	0.8871
OTTMUST00000043430.2	noncoding	0.9202
OTTMUST00000063661.1	coding	0.4308
OTTMUST00000024948.2	noncoding	0.9458
OTTMUST00000003571.1	coding	0.1257
OTTMUST00000116845.4	noncoding	0.7329
OTTMUST00000126262.1	noncoding	0.6712
OTTMUST00000143617.1	coding	0.1095
OTTMUST00000088408.2	noncoding	0.7028
OTTMUST00000068375.1	noncoding	0.9326
OTTMUST00000009153.1	noncoding	0.6233
OTTMUST00000029789.1	noncoding	0.9359
OTTMUST00000071277.1	noncoding	0.8103
OTTMUST00000065325.1	noncoding	0.9475
OTTMUST00000145022.1	coding	0.0891
OTTMUST00000097240.1	noncoding	0.9630
OTTMUST00000014833.1	noncoding	0.7574
OTTMUST00000039851.3	noncoding	0.8111
OTTMUST00000051057.1	coding	0.0502
OTTMUST00000086694.1	noncoding	0.8077
OTTMUST00000038124.1	noncoding	0.9278
OTTMUST00000072209.2	noncoding	0.7735
OTTMUST00000102420.2	coding	0.0217
OTTMUST00000054944.2	noncoding	0.7493
OTTMUST00000060778.1	noncoding	0.7984
OTTMUST00000146897.2	coding	0.1259
OTTMUST00000022138.1	noncoding	0.7654
OTTMUST00000096551.3	noncoding	0.9418
OTTMUST00000050960.1	noncoding	0.8098
OTTMUST00000040363.3	coding	0.1858
OTTMUST00000103660.1	coding	0.1051
OTTMUST00000050185.2	noncoding	0.7862
OTTMUST00000098510.2	noncoding	0.7333
OTTMUST00000011839.2	noncoding	0.7552
OTTMUST00000148427.1	noncoding	0.6875
OTTMUST00000060391.2	coding	0.2172
OTTMUST00000042057.1	noncoding	0.7368
OTTMUST00000091895.2	noncoding	0.9160
OTTMUST00000045427.1	noncoding	0.9613
OTTMUST00000149005.1	noncoding	0.7614
OTTMUST00000035091.1	noncoding	0.9240
OTTMUST00000046574.1	noncoding	0.7255
OTTMUST00000066325.2	noncoding	0.8732
OTTMUST00000131146.1	noncoding	0.9633
OTTMUST00000096602.3	noncoding	0.9836
OTTMUST00000125522.1	noncoding	0.7225
OTTMUST00000066845.1	noncoding	0.9222
OTTMUST00000062079.2	noncoding	0.7030
OTTMUST00000017734.1	coding	0.1155
OTTMUST00000056686.1	noncoding	0.9117
OTTMUST00000068211.2	noncoding	0.8734
OTTMUST00000138402.2	coding	0.3333
OTTMUST00000141214.1	noncoding	0.7692
OTTMUST00000088425.1	noncoding	0.9141
OTTMUST00000049973.1	noncoding	0.8430
OTTMUST00000079097.2	noncoding	0.9190
OTTMUST00000044005.1	noncoding	0.9280
OTTMUST00000060787.3	noncoding	0.8356
OTTMUST00000116784.1	noncoding	0.8067
OTTMUST00000084336.1	noncoding	0.7462
OTTMUST00000085760.1	noncoding	0.8989
OTTMUST00000003488.1	coding	0.3662
OTTMUST00000073156.1	noncoding	0.8505
OTTMUST00000139003.1	noncoding	0.8819
OTTMUST00000154570.1	coding	0.0315
OTTMUST00000141833.2	noncoding	0.7121
OTTMUST00000044492.2	noncoding	0.6657
OTTMUST00000128601.1	coding	0.0000
OTTMUST00000071823.2	noncoding	0.7687
OTTMUST00000049207.1	coding	0.1058
OTTMUST00000079853.2	noncoding	0.9994
OTTMUST00000040510.1	noncoding	0.9616
OTTMUST00000113406.1	noncoding	0.9058
OTTMUST00000088468.2	noncoding	0.9363
OTTMUST00000056955.2	coding	0.2609
OTTMUST00000052554.1	noncoding	0.8599
OTTMUST00000118309.1	coding	0.3135
OTTMUST00000018256.2	noncoding	0.9481
OTTMUST00000086464.1	noncoding	0.7556
OTTMUST00000085816.1	noncoding	0.7954
OTTMUST00000065030.3	noncoding	0.9413
OTTMUST00000054180.1	noncoding	0.9135
OTTMUST00000074702.3	noncoding	0.8862
OTTMUST00000125918.2	noncoding	0.8552
OTTMUST00000137509.1	noncoding	0.8145
OTTMUST00000070205.1	noncoding	0.9418
OTTMUST00000012659.2	noncoding	0.9311
OTTMUST00000085391.3	noncoding	0.9153
OTTMUST00000071941.1	noncoding	0.8146
OTTMUST00000051573.2	noncoding	0.9459
OTTMUST00000136678.2	noncoding	0.8199
OTTMUST00000024177.3	coding	0.0656
OTTMUST00000079711.1	coding	0.0480
OTTMUST00000035531.1	noncoding	0.6677
OTTMUST00000143206.2	noncoding	0.9528
OTTMUST00000078082.1	noncoding	0.8177
OTTMUST00000078056.1	noncoding	0.7840
OTTMUST00000143611.2	noncoding	0.9177
OTTMUST00000132957.1	noncoding	0.9393
OTTMUST00000012538.2	noncoding	0.7891
OTTMUST00000129003.2	coding	0.2473
OTTMUST00000130590.1	noncoding	0.9565
OTTMUST00000091864.1	coding	0.3352
OTTMUST00000149015.1	noncoding	0.7906
OTTMUST00000114567.1	noncoding	0.9552
OTTMUST00000143930.1	noncoding	0.9075
OTTMUST00000152538.1	noncoding	0.7347
OTTMUST00000086393.1	coding	0.1047
OTTMUST00000131235.3	noncoding	0.8757
OTTMUST00000155764.1	noncoding	0.5991
OTTMUST00000041295.2	coding	0.2758
OTTMUST00000044322.1	noncoding	0.9438
OTTMUST00000150597.1	noncoding	0.8291
OTTMUST00000013872.1	coding	0.1741
OTTMUST00000045232.5	noncoding	0.9438
OTTMUST00000110709.1	noncoding	0.8505
OTTMUST00000079780.1	noncoding	0.9989
OTTMUST00000069005.1	noncoding	0.9648
OTTMUST00000064086.2	noncoding	0.9219
OTTMUST00000042013.3	noncoding	0.8775
OTTMUST00000076443.2	noncoding	0.8459
OTTMUST00000029410.4	noncoding	0.7771
OTTMUST00000147024.2	noncoding	0.9582
OTTMUST00000156048.1	noncoding	0.9074
OTTMUST00000089005.1	noncoding	0.9636
OTTMUST00000079700.1	coding	0.0397
OTTMUST00000148310.2	noncoding	0.8154
OTTMUST00000056793.1	coding	0.3991
OTTMUST00000012480.2	noncoding	0.8063
OTTMUST00000047029.3	noncoding	0.5940
OTTMUST00000151338.1	noncoding	0.9667
OTTMUST00000068348.1	coding	0.4121
OTTMUST00000066220.1	coding	0.2671
OTTMUST00000061143.2	noncoding	0.8204
OTTMUST00000046008.2	noncoding	0.9770
OTTMUST00000014083.1	noncoding	0.8164
OTTMUST00000039280.2	noncoding	0.8616
OTTMUST00000102410.1	coding	0.0300
OTTMUST00000097914.1	noncoding	0.9512
OTTMUST00000083973.2	noncoding	0.9069
OTTMUST00000038433.2	coding	0.0164
OTTMUST00000147973.1	noncoding	0.9316
OTTMUST00000114373.1	noncoding	0.9226
OTTMUST00000044074.1	noncoding	0.7383
OTTMUST00000078688.1	noncoding	0.8542
OTTMUST00000044949.1	noncoding	0.8561
OTTMUST00000096090.1	noncoding	0.8590
OTTMUST00000071988.2	coding	0.3711
OTTMUST00000156265.2	noncoding	0.9292
OTTMUST00000040035.4	coding	0.2342
OTTMUST00000059209.1	noncoding	0.9049
OTTMUST00000077776.1	noncoding	0.8098
OTTMUST00000129127.2	noncoding	0.6890
OTTMUST00000156083.1	noncoding	0.8622
OTTMUST00000013260.2	noncoding	0.8021
OTTMUST00000034223.3	noncoding	0.5854
OTTMUST00000084939.1	noncoding	0.8883
OTTMUST00000090322.1	noncoding	0.9074
OTTMUST00000084601.2	noncoding	0.9382
OTTMUST00000158387.1	noncoding	0.9446
OTTMUST00000102792.1	noncoding	0.9419
OTTMUST00000156931.1	noncoding	0.7841
OTTMUST00000021538.2	coding	0.0000
OTTMUST00000082869.2	noncoding	0.9520
OTTMUST00000138764.2	noncoding	0.6526
OTTMUST00000045857.1	noncoding	0.6894
OTTMUST00000070469.1	coding	0.0236
OTTMUST00000096037.1	coding	0.4304
OTTMUST00000134493.1	noncoding	0.7371
OTTMUST00000054105.1	noncoding	0.9649
OTTMUST00000045481.2	noncoding	0.6572
OTTMUST00000018580.2	coding	0.2893
OTTMUST00000128355.1	coding	0.0000
OTTMUST00000048602.1	noncoding	0.8622
OTTMUST00000144437.3	coding	0.0542
OTTMUST00000150582.1	noncoding	0.9462
OTTMUST00000043976.1	coding	0.0223
OTTMUST00000025700.2	noncoding	0.8338
OTTMUST00000034113.2	noncoding	0.9629
OTTMUST00000042520.1	noncoding	0.5709
OTTMUST00000082409.3	coding	0.3389
OTTMUST00000065303.3	noncoding	0.9143
OTTMUST00000081051.3	noncoding	0.9334
OTTMUST00000117008.1	coding	0.0000
OTTMUST00000021534.2	noncoding	0.8833
OTTMUST00000128575.1	coding	0.0000
OTTMUST00000079593.1	coding	0.0247
OTTMUST00000154385.1	coding	0.0771
OTTMUST00000042551.1	coding	0.3006
OTTMUST00000112563.1	noncoding	0.9155
OTTMUST00000148559.1	coding	0.0721
OTTMUST00000012341.3	noncoding	0.9519
OTTMUST00000127399.1	noncoding	0.7853
OTTMUST00000061989.1	noncoding	0.8981
OTTMUST00000025772.1	noncoding	0.9411
OTTMUST00000074976.3	noncoding	0.9159
OTTMUST00000050894.2	noncoding	0.9593
OTTMUST00000035974.1	noncoding	0.6948
OTTMUST00000126951.1	noncoding	0.7447
OTTMUST00000041623.1	noncoding	0.7257
OTTMUST00000060962.2	noncoding	0.9348
OTTMUST00000133504.1	coding	0.0652
OTTMUST00000036940.2	noncoding	0.8504
OTTMUST00000002171.1	coding	0.0000
OTTMUST00000097282.1	noncoding	0.7892
OTTMUST00000041646.1	noncoding	0.7314
OTTMUST00000059775.1	noncoding	0.8450
OTTMUST00000124435.3	noncoding	0.9521
OTTMUST00000158706.1	noncoding	0.7120
OTTMUST00000029077.3	coding	0.0165
OTTMUST00000031102.1	noncoding	0.9033
OTTMUST00000040544.2	noncoding	0.7396
OTTMUST00000051675.4	coding	0.1390
OTTMUST00000040256.2	noncoding	0.9337
OTTMUST00000042843.3	noncoding	0.9310
OTTMUST00000060474.2	noncoding	0.9215
OTTMUST00000057079.1	noncoding	0.5923
OTTMUST00000001066.2	coding	0.0988
OTTMUST00000023885.2	noncoding	0.8909
OTTMUST00000002245.1	noncoding	0.9795
OTTMUST00000052471.1	noncoding	0.9059
OTTMUST00000054012.2	noncoding	0.6533
OTTMUST00000150312.1	noncoding	0.6588
OTTMUST00000089800.2	noncoding	0.7279
OTTMUST00000069607.1	noncoding	0.9333
OTTMUST00000147704.2	noncoding	0.9732
OTTMUST00000084209.1	noncoding	0.7279
OTTMUST00000012768.3	noncoding	0.9871
OTTMUST00000069008.1	noncoding	0.8824
OTTMUST00000083797.2	noncoding	0.7034
OTTMUST00000052973.2	noncoding	0.6968
OTTMUST00000148993.1	noncoding	0.9302
OTTMUST00000103177.1	noncoding	0.9419
OTTMUST00000137635.2	coding	0.2949
OTTMUST00000023966.2	noncoding	0.9536
OTTMUST00000073786.1	coding	0.2236
OTTMUST00000071819.1	coding	0.4513
OTTMUST00000071297.1	noncoding	0.8334
OTTMUST00000049739.1	noncoding	0.7634
OTTMUST00000130655.1	noncoding	0.8462
OTTMUST00000154004.1	noncoding	0.8268
OTTMUST00000139101.1	noncoding	0.8460
OTTMUST00000095811.1	noncoding	0.6764
OTTMUST00000098250.2	coding	0.0796
OTTMUST00000024749.1	noncoding	0.9309
OTTMUST00000147778.1	noncoding	0.8238
OTTMUST00000124502.1	noncoding	0.7923
OTTMUST00000021844.2	noncoding	0.8265
OTTMUST00000055550.1	noncoding	0.9142
OTTMUST00000034074.1	noncoding	0.6443
OTTMUST00000002560.1	coding	0.4038
OTTMUST00000052081.1	noncoding	0.9522
OTTMUST00000092152.1	coding	0.0038
OTTMUST00000042042.1	noncoding	0.7612
OTTMUST00000150192.1	noncoding	0.8902
OTTMUST00000084367.2	noncoding	0.7926
OTTMUST00000003496.1	noncoding	0.9703
OTTMUST00000082733.1	noncoding	0.8583
OTTMUST00000089756.2	coding	0.2901
OTTMUST00000153529.1	noncoding	0.9136
OTTMUST00000104249.1	noncoding	0.9625
OTTMUST00000117114.2	noncoding	0.9667
OTTMUST00000055003.1	noncoding	0.8795
OTTMUST00000098230.1	noncoding	0.8911
OTTMUST00000088749.1	noncoding	0.6810
OTTMUST00000151263.1	coding	0.3466
OTTMUST00000115707.1	coding	0.1039
OTTMUST00000095643.1	coding	0.2942
OTTMUST00000148311.2	noncoding	0.8845
OTTMUST00000045596.1	noncoding	0.9069
OTTMUST00000157148.1	noncoding	0.9501
OTTMUST00000042760.1	coding	0.0557
OTTMUST00000048658.1	noncoding	0.9047
OTTMUST00000014779.1	noncoding	0.8286
OTTMUST00000069194.1	coding	0.1965
OTTMUST00000013436.1	noncoding	0.7483
OTTMUST00000024781.2	noncoding	0.5479
OTTMUST00000045938.1	noncoding	0.9046
OTTMUST00000139511.4	noncoding	0.9189
OTTMUST00000040714.1	coding	0.1195
OTTMUST00000150780.1	noncoding	0.9033
OTTMUST00000086062.1	noncoding	0.8728
OTTMUST00000141494.2	noncoding	0.9198
OTTMUST00000064925.2	noncoding	0.9669
OTTMUST00000159745.1	noncoding	0.8369
OTTMUST00000085216.1	noncoding	0.9246
OTTMUST00000065210.1	noncoding	0.7024
OTTMUST00000133991.1	coding	0.0045
OTTMUST00000053404.2	noncoding	0.7049
OTTMUST00000055783.3	noncoding	0.9126
OTTMUST00000002643.5	noncoding	0.8546
OTTMUST00000002163.2	noncoding	0.9210
OTTMUST00000054910.1	coding	0.2413
OTTMUST00000080790.2	noncoding	0.8950
OTTMUST00000060920.2	noncoding	0.6771
OTTMUST00000078567.2	noncoding	0.9081
OTTMUST00000059671.1	noncoding	0.8491
OTTMUST00000065924.1	noncoding	0.9338
OTTMUST00000039104.3	coding	0.0272
OTTMUST00000089294.2	noncoding	0.7437
OTTMUST00000038149.1	noncoding	0.9065
OTTMUST00000151775.1	coding	0.1619
OTTMUST00000044188.2	noncoding	0.6461
OTTMUST00000146940.1	noncoding	0.8745
OTTMUST00000025956.1	noncoding	0.9198
OTTMUST00000144033.1	noncoding	0.6019
OTTMUST00000153904.1	noncoding	0.9578
OTTMUST00000088644.1	noncoding	0.9759
OTTMUST00000069417.1	noncoding	0.9738
OTTMUST00000096185.2	coding	0.0858
OTTMUST00000062411.1	noncoding	0.9355
OTTMUST00000103266.1	noncoding	0.9546
OTTMUST00000012311.2	noncoding	0.8157
OTTMUST00000117639.1	noncoding	0.9232
OTTMUST00000058014.1	noncoding	0.8059
OTTMUST00000154176.1	coding	0.1850
OTTMUST00000013951.1	noncoding	0.8708
OTTMUST00000077707.1	noncoding	0.6849
OTTMUST00000009447.1	noncoding	0.9923
OTTMUST00000074409.3	noncoding	0.9502
OTTMUST00000062961.1	noncoding	0.9053
OTTMUST00000118676.2	noncoding	0.9668
OTTMUST00000025131.4	noncoding	0.7967
OTTMUST00000063644.2	noncoding	0.7831
OTTMUST00000116955.2	noncoding	0.9665
OTTMUST00000033954.1	noncoding	0.7062
OTTMUST00000073234.1	noncoding	0.8836
OTTMUST00000086717.1	noncoding	0.7538
OTTMUST00000045823.1	noncoding	0.7774
OTTMUST00000053897.2	noncoding	0.8137
OTTMUST00000096255.1	noncoding	0.7979
OTTMUST00000053027.1	coding	0.0128
OTTMUST00000041504.4	noncoding	0.9036
OTTMUST00000145746.1	coding	0.2807
OTTMUST00000062394.1	noncoding	0.8693
OTTMUST00000046136.1	noncoding	0.8336
OTTMUST00000003117.2	noncoding	0.6563
OTTMUST00000040367.1	noncoding	0.9269
OTTMUST00000143071.1	noncoding	0.9507
OTTMUST00000147241.1	noncoding	0.9502
OTTMUST00000019470.1	coding	0.2308
OTTMUST00000125723.1	noncoding	0.7757
OTTMUST00000053353.3	coding	0.2544
OTTMUST00000012569.1	noncoding	0.7161
OTTMUST00000131794.1	coding	0.0531
OTTMUST00000047385.1	coding	0.0707
OTTMUST00000050925.1	coding	0.0000
OTTMUST00000068345.2	noncoding	0.6256
OTTMUST00000082027.1	coding	0.1249
OTTMUST00000037767.1	noncoding	0.7387
OTTMUST00000097002.1	noncoding	0.7801
OTTMUST00000023887.3	noncoding	0.9643
OTTMUST00000121853.2	noncoding	0.9698
OTTMUST00000079562.2	noncoding	0.8485
OTTMUST00000026651.3	noncoding	0.7379
OTTMUST00000143245.1	noncoding	0.9344
OTTMUST00000045651.4	noncoding	0.6530
OTTMUST00000034313.2	noncoding	0.9582
OTTMUST00000086092.1	noncoding	0.9888
OTTMUST00000094164.3	noncoding	0.8420
OTTMUST00000152027.1	noncoding	0.9370
OTTMUST00000119117.1	coding	0.4101
OTTMUST00000008314.2	coding	0.3420
OTTMUST00000115890.1	noncoding	0.9994
OTTMUST00000091678.1	noncoding	0.9498
OTTMUST00000054805.2	noncoding	0.8356
OTTMUST00000046379.2	noncoding	0.7991
OTTMUST00000069210.1	noncoding	0.9537
OTTMUST00000012734.1	noncoding	0.7918
OTTMUST00000142505.1	noncoding	0.9347
OTTMUST00000090880.2	noncoding	0.9056
OTTMUST00000123704.3	coding	0.3302
OTTMUST00000156110.1	noncoding	0.9458
OTTMUST00000057868.1	noncoding	0.7642
OTTMUST00000154065.1	noncoding	0.8703
OTTMUST00000135990.3	coding	0.0287
OTTMUST00000155285.1	noncoding	0.8781
OTTMUST00000057241.1	noncoding	0.8263
OTTMUST00000067394.2	noncoding	0.9016
OTTMUST00000098316.1	coding	0.0942
OTTMUST00000055260.2	coding	0.0574
OTTMUST00000046662.1	noncoding	0.9050
OTTMUST00000058812.1	noncoding	0.8891
OTTMUST00000128199.1	noncoding	0.8737
OTTMUST00000154520.1	noncoding	0.8633
OTTMUST00000080465.9	coding	0.0741
OTTMUST00000121728.2	coding	0.3475
OTTMUST00000095381.1	noncoding	0.6638
OTTMUST00000069929.1	noncoding	0.8445
OTTMUST00000038105.2	noncoding	0.9575
OTTMUST00000014063.2	noncoding	0.6774
OTTMUST00000145750.1	noncoding	0.8110
OTTMUST00000116358.1	coding	0.0581
OTTMUST00000146086.1	coding	0.0000
OTTMUST00000042725.1	noncoding	0.6490
OTTMUST00000062902.1	noncoding	0.8019
OTTMUST00000126754.2	noncoding	0.9172
OTTMUST00000065001.1	noncoding	0.7307
OTTMUST00000065735.3	noncoding	0.9547
OTTMUST00000057794.1	noncoding	0.9510
OTTMUST00000101200.2	noncoding	0.9137
OTTMUST00000126269.6	noncoding	0.9274
OTTMUST00000152160.2	noncoding	0.9641
OTTMUST00000069309.2	noncoding	0.8828
OTTMUST00000002271.2	coding	0.1882
OTTMUST00000028357.1	noncoding	0.8879
OTTMUST00000081033.1	noncoding	0.9754
OTTMUST00000069971.1	noncoding	0.8700
OTTMUST00000057883.1	noncoding	0.9126
OTTMUST00000054204.4	noncoding	0.9540
OTTMUST00000042018.1	noncoding	0.8210
OTTMUST00000159985.1	noncoding	0.7541
OTTMUST00000065708.5	noncoding	0.9591
OTTMUST00000044158.1	noncoding	0.8432
OTTMUST00000157827.1	coding	0.0901
OTTMUST00000038350.2	coding	0.2392
OTTMUST00000059044.1	noncoding	0.7773
OTTMUST00000156365.1	coding	0.3383
OTTMUST00000047490.2	noncoding	0.7926
OTTMUST00000013468.1	coding	0.0344
OTTMUST00000025693.1	noncoding	0.8853
OTTMUST00000124857.1	noncoding	0.6002
OTTMUST00000060591.1	noncoding	0.9223
OTTMUST00000151797.1	noncoding	0.7622
OTTMUST00000013406.2	coding	0.0345
OTTMUST00000134055.2	noncoding	0.8301
OTTMUST00000096626.2	noncoding	0.9658
OTTMUST00000115694.1	noncoding	0.9438
OTTMUST00000153352.1	coding	0.0865
OTTMUST00000114034.1	noncoding	0.9879
OTTMUST00000144961.1	noncoding	0.9758
OTTMUST00000061502.2	noncoding	0.7428
OTTMUST00000076729.1	noncoding	0.9139
OTTMUST00000155500.1	noncoding	0.6885
OTTMUST00000057120.1	coding	0.0000
OTTMUST00000042348.1	coding	0.2498
OTTMUST00000075100.1	noncoding	0.9764
OTTMUST00000073427.1	noncoding	0.8058
OTTMUST00000150181.1	noncoding	0.9099
OTTMUST00000011522.3	noncoding	0.9587
OTTMUST00000024485.2	noncoding	0.8694
OTTMUST00000112866.1	noncoding	0.6768
OTTMUST00000144875.1	noncoding	0.8916
OTTMUST00000103421.2	noncoding	0.8829
OTTMUST00000091839.1	noncoding	0.8029
OTTMUST00000022880.2	noncoding	0.7193
OTTMUST00000048446.1	noncoding	0.6119
OTTMUST00000063563.32	noncoding	0.8798
OTTMUST00000035477.1	noncoding	0.6919
OTTMUST00000110364.1	noncoding	0.6287
OTTMUST00000073697.1	coding	0.3693
OTTMUST00000040038.2	coding	0.2089
OTTMUST00000064954.2	noncoding	0.6872
OTTMUST00000121090.2	noncoding	0.5799
OTTMUST00000130949.2	noncoding	0.8694
OTTMUST00000049659.2	coding	0.1812
OTTMUST00000096606.1	coding	0.1082
OTTMUST00000065089.2	noncoding	0.7567
OTTMUST00000000474.1	noncoding	0.9590
OTTMUST00000123844.4	noncoding	0.7460
OTTMUST00000158250.2	noncoding	0.6734
OTTMUST00000029945.1	noncoding	0.9538
OTTMUST00000059245.1	noncoding	0.9842
OTTMUST00000065715.3	noncoding	0.8786
OTTMUST00000127529.3	noncoding	0.7151
OTTMUST00000019783.3	noncoding	0.9471
OTTMUST00000098332.2	coding	0.1279
OTTMUST00000039279.2	noncoding	0.8048
OTTMUST00000072370.1	noncoding	0.8409
OTTMUST00000134283.1	noncoding	0.9613
OTTMUST00000013809.4	noncoding	0.8478
OTTMUST00000153113.1	coding	0.2345
OTTMUST00000068548.2	noncoding	0.8246
OTTMUST00000057063.2	coding	0.2548
OTTMUST00000069894.1	noncoding	0.9630
OTTMUST00000080516.1	noncoding	0.9782
OTTMUST00000016280.2	noncoding	0.7367
OTTMUST00000059843.2	noncoding	0.8231
OTTMUST00000082460.1	noncoding	0.7745
OTTMUST00000039414.1	noncoding	0.8477
OTTMUST00000068917.1	noncoding	0.9381
OTTMUST00000034021.1	noncoding	0.8406
OTTMUST00000110042.1	noncoding	0.7104
OTTMUST00000052474.1	coding	0.4416
OTTMUST00000071048.1	coding	0.2934
OTTMUST00000071920.1	noncoding	0.8437
OTTMUST00000063926.1	noncoding	0.9496
OTTMUST00000082538.3	noncoding	0.9813
OTTMUST00000149635.1	noncoding	0.9658
OTTMUST00000009060.1	noncoding	0.7658
OTTMUST00000058693.1	noncoding	0.8450
OTTMUST00000050061.3	noncoding	0.9490
OTTMUST00000059286.1	noncoding	0.9583
OTTMUST00000037685.1	noncoding	0.9015
OTTMUST00000052494.1	noncoding	0.9142
OTTMUST00000012354.3	noncoding	0.8940
OTTMUST00000127408.1	coding	0.4161
OTTMUST00000153381.1	noncoding	0.6921
OTTMUST00000122082.1	noncoding	0.9837
OTTMUST00000103133.1	noncoding	0.9834
OTTMUST00000142022.4	noncoding	0.9482
OTTMUST00000054582.1	noncoding	0.8992
OTTMUST00000091973.2	coding	0.3641
OTTMUST00000158874.1	coding	0.2867
OTTMUST00000054058.1	coding	0.3490
OTTMUST00000152327.1	coding	0.2683
OTTMUST00000139765.1	noncoding	0.6674
OTTMUST00000071127.2	noncoding	0.9263
OTTMUST00000046913.3	noncoding	0.6767
OTTMUST00000086253.1	noncoding	0.7046
OTTMUST00000131478.1	noncoding	0.9771
OTTMUST00000138353.1	noncoding	0.8183
OTTMUST00000042401.3	coding	0.2338
OTTMUST00000061109.1	coding	0.2104
OTTMUST00000087183.4	coding	0.3239
OTTMUST00000154189.1	noncoding	0.8829
OTTMUST00000094351.3	noncoding	0.7845
OTTMUST00000081308.1	noncoding	0.9540
OTTMUST00000150522.1	noncoding	0.9007
OTTMUST00000059651.1	coding	0.2903
OTTMUST00000047406.1	noncoding	0.5967
OTTMUST00000087761.2	noncoding	0.8192
OTTMUST00000063120.1	noncoding	0.6909
OTTMUST00000127827.3	noncoding	0.9041
OTTMUST00000069797.1	noncoding	0.7416
OTTMUST00000120633.2	noncoding	0.7986
OTTMUST00000019757.1	coding	0.1866
OTTMUST00000035706.1	noncoding	0.9193
OTTMUST00000117919.1	noncoding	0.8708
OTTMUST00000036827.2	coding	0.0874
OTTMUST00000053011.3	noncoding	0.9583
OTTMUST00000089443.2	noncoding	0.6668
OTTMUST00000066475.1	noncoding	0.9588
OTTMUST00000116647.1	noncoding	0.9562
OTTMUST00000130951.2	noncoding	0.7660
OTTMUST00000088505.1	noncoding	0.8395
OTTMUST00000035176.2	noncoding	0.8663
OTTMUST00000055183.2	noncoding	0.9466
OTTMUST00000082222.2	coding	0.0442
OTTMUST00000061404.2	noncoding	0.8556
OTTMUST00000066075.1	noncoding	0.9303
OTTMUST00000158534.1	noncoding	0.9391
OTTMUST00000119121.1	noncoding	0.9777
OTTMUST00000026143.2	coding	0.4324
OTTMUST00000155341.2	coding	0.2441
OTTMUST00000065389.2	noncoding	0.9379
OTTMUST00000155772.1	noncoding	0.9118
OTTMUST00000056794.1	noncoding	0.8113
OTTMUST00000051785.1	coding	0.4018
OTTMUST00000141174.1	noncoding	0.9817
OTTMUST00000088035.1	noncoding	0.9563
OTTMUST00000041106.1	noncoding	0.6346
OTTMUST00000137676.2	noncoding	0.7451
OTTMUST00000058091.2	noncoding	0.7271
OTTMUST00000043154.2	noncoding	0.7337
OTTMUST00000130069.2	coding	0.1284
OTTMUST00000054992.1	noncoding	0.8968
OTTMUST00000002238.2	noncoding	0.8178
OTTMUST00000147002.2	noncoding	0.9638
OTTMUST00000148066.1	noncoding	0.6791
OTTMUST00000127492.1	noncoding	0.9308
OTTMUST00000046738.1	noncoding	0.8485
OTTMUST00000013730.1	coding	0.3500
OTTMUST00000002820.2	noncoding	0.8229
OTTMUST00000148342.1	noncoding	0.8799
OTTMUST00000123246.1	coding	0.3890
OTTMUST00000156175.1	coding	0.0826
OTTMUST00000045652.3	coding	0.0652
OTTMUST00000042797.1	coding	0.0000
OTTMUST00000091528.2	noncoding	0.8276
OTTMUST00000115863.2	coding	0.0221
OTTMUST00000113169.1	coding	0.0572
OTTMUST00000127601.2	coding	0.0633
OTTMUST00000148125.2	coding	0.0735
OTTMUST00000124666.2	noncoding	0.9665
OTTMUST00000071970.2	noncoding	0.9331
OTTMUST00000046367.2	noncoding	0.8546
OTTMUST00000056720.3	noncoding	0.7602
OTTMUST00000012688.2	noncoding	0.8640
OTTMUST00000089912.1	noncoding	0.8246
OTTMUST00000025758.1	noncoding	0.9214
OTTMUST00000071130.2	noncoding	0.8063
OTTMUST00000051867.2	noncoding	0.8817
OTTMUST00000116659.1	noncoding	0.8707
OTTMUST00000055721.2	noncoding	0.8296
OTTMUST00000148992.1	noncoding	0.9291
OTTMUST00000059381.2	noncoding	0.9262
OTTMUST00000032689.4	noncoding	0.8571
OTTMUST00000086845.1	coding	0.1775
OTTMUST00000153667.1	noncoding	0.6721
OTTMUST00000057219.2	noncoding	0.9571
OTTMUST00000112172.1	noncoding	0.9987
OTTMUST00000073189.1	noncoding	0.9403
OTTMUST00000146900.1	coding	0.0728
OTTMUST00000078089.2	coding	0.3913
OTTMUST00000066228.2	noncoding	0.8552
OTTMUST00000026479.4	noncoding	0.9485
OTTMUST00000079137.1	coding	0.1916
OTTMUST00000137399.1	noncoding	0.8304
OTTMUST00000140115.3	noncoding	0.9113
OTTMUST00000110918.1	noncoding	0.9101
OTTMUST00000068723.2	noncoding	0.7161
OTTMUST00000012349.1	noncoding	0.7293
OTTMUST00000077635.1	noncoding	0.7617
OTTMUST00000144753.1	noncoding	0.9094
OTTMUST00000016784.2	noncoding	0.8350
OTTMUST00000126080.2	noncoding	0.5823
OTTMUST00000043904.1	noncoding	0.9754
OTTMUST00000050598.1	noncoding	0.9167
OTTMUST00000062389.2	coding	0.0000
OTTMUST00000085618.1	coding	0.1963
OTTMUST00000059530.1	coding	0.1227
OTTMUST00000096858.1	noncoding	0.9827
OTTMUST00000046781.1	noncoding	0.8733
OTTMUST00000044854.15	noncoding	0.7000
OTTMUST00000098191.2	coding	0.0812
OTTMUST00000013789.1	noncoding	0.8435
OTTMUST00000092280.2	coding	0.0677
OTTMUST00000054557.2	coding	0.2797
OTTMUST00000045079.1	noncoding	0.8972
OTTMUST00000013451.2	noncoding	0.9002
OTTMUST00000056384.1	noncoding	0.8636
OTTMUST00000140601.1	noncoding	0.8234
OTTMUST00000050359.2	noncoding	0.9826
OTTMUST00000116705.1	coding	0.0142
OTTMUST00000070934.1	noncoding	0.9139
OTTMUST00000048983.1	noncoding	0.7788
OTTMUST00000151692.1	coding	0.1492
OTTMUST00000092296.2	noncoding	0.7388
OTTMUST00000072967.1	noncoding	0.9447
OTTMUST00000069824.1	noncoding	0.8269
OTTMUST00000131485.1	noncoding	0.9612
OTTMUST00000068212.1	noncoding	0.6167
OTTMUST00000034453.3	noncoding	0.8837
OTTMUST00000121091.2	noncoding	0.6493
OTTMUST00000153527.1	noncoding	0.8201
OTTMUST00000153687.1	coding	0.0007
OTTMUST00000145367.3	noncoding	0.6563
OTTMUST00000127370.1	noncoding	0.9798
OTTMUST00000052853.1	noncoding	0.8800
OTTMUST00000082537.2	noncoding	0.9651
OTTMUST00000116688.1	noncoding	0.8172
OTTMUST00000082060.2	noncoding	0.8072
OTTMUST00000068922.2	coding	0.2698
OTTMUST00000088257.1	noncoding	0.8396
OTTMUST00000137055.1	noncoding	0.7833
OTTMUST00000116095.2	coding	0.0338
OTTMUST00000012769.3	noncoding	0.9528
OTTMUST00000070392.2	noncoding	0.8547
OTTMUST00000043485.3	noncoding	0.6602
OTTMUST00000143528.2	noncoding	0.8998
OTTMUST00000094271.1	noncoding	0.6708
OTTMUST00000009192.2	noncoding	0.8711
OTTMUST00000083587.2	noncoding	0.9600
OTTMUST00000013758.4	noncoding	0.9751
OTTMUST00000085117.2	noncoding	0.7825
OTTMUST00000004419.1	noncoding	0.9974
OTTMUST00000134052.1	noncoding	0.9054
OTTMUST00000084192.1	noncoding	0.7892
OTTMUST00000081236.2	noncoding	0.6626
OTTMUST00000008761.3	noncoding	0.9193
OTTMUST00000000986.1	coding	0.3529
OTTMUST00000082110.2	noncoding	0.8368
OTTMUST00000092098.2	noncoding	0.9769
OTTMUST00000158952.1	noncoding	0.9092
OTTMUST00000049415.2	noncoding	0.9061
OTTMUST00000058758.1	coding	0.1921
OTTMUST00000083649.1	noncoding	0.9372
OTTMUST00000059579.1	noncoding	0.9718
OTTMUST00000126969.1	noncoding	0.8707
OTTMUST00000128314.1	coding	0.2793
OTTMUST00000081411.1	noncoding	0.9431
OTTMUST00000141606.1	coding	0.1678
OTTMUST00000041150.2	noncoding	0.9357
OTTMUST00000151764.1	coding	0.0618
OTTMUST00000080277.2	coding	0.0495
OTTMUST00000081933.1	noncoding	0.7673
OTTMUST00000001132.4	noncoding	0.7663
OTTMUST00000044327.2	noncoding	0.8978
OTTMUST00000067187.2	noncoding	0.9586
OTTMUST00000116283.1	coding	0.1269
OTTMUST00000117096.3	coding	0.2445
OTTMUST00000134598.1	noncoding	0.9447
OTTMUST00000127023.1	noncoding	0.9554
OTTMUST00000067358.1	noncoding	0.9248
OTTMUST00000103947.2	noncoding	0.9313
OTTMUST00000113702.1	noncoding	0.9724
OTTMUST00000043787.1	noncoding	0.9208
OTTMUST00000117122.1	coding	0.3431
OTTMUST00000060126.1	noncoding	0.8379
OTTMUST00000082842.3	noncoding	0.6770
OTTMUST00000066174.1	noncoding	0.6832
OTTMUST00000067746.2	noncoding	0.8579
OTTMUST00000023800.1	noncoding	0.9796
OTTMUST00000094941.2	noncoding	0.9276
OTTMUST00000082280.1	noncoding	0.6474
OTTMUST00000086381.2	coding	0.3432
OTTMUST00000089659.1	noncoding	0.8625
OTTMUST00000076513.1	noncoding	0.9273
OTTMUST00000068275.1	noncoding	0.9479
OTTMUST00000065451.1	noncoding	0.9534
OTTMUST00000035796.2	coding	0.1692
OTTMUST00000021483.2	noncoding	0.9528
OTTMUST00000074108.2	noncoding	0.7031
OTTMUST00000144444.3	noncoding	0.8066
OTTMUST00000113115.1	noncoding	0.9338
OTTMUST00000126162.1	coding	0.2635
OTTMUST00000041872.1	coding	0.3646
OTTMUST00000151966.1	coding	0.3593
OTTMUST00000148166.1	noncoding	0.9689
OTTMUST00000075673.2	coding	0.3245
OTTMUST00000082097.1	coding	0.0011
OTTMUST00000081260.1	noncoding	0.8266
OTTMUST00000139509.2	coding	0.1074
OTTMUST00000056915.2	noncoding	0.9126
OTTMUST00000151817.1	noncoding	0.6634
OTTMUST00000071921.2	noncoding	0.8265
OTTMUST00000055368.1	coding	0.3311
OTTMUST00000151053.1	noncoding	0.8341
OTTMUST00000049353.2	noncoding	0.5750
OTTMUST00000076694.1	noncoding	0.8076
OTTMUST00000064919.1	noncoding	0.9611
OTTMUST00000067395.2	noncoding	0.9189
OTTMUST00000053213.5	noncoding	0.8209
OTTMUST00000055192.1	coding	0.3414
OTTMUST00000084406.1	noncoding	0.8428
OTTMUST00000152643.1	coding	0.0592
OTTMUST00000056426.1	noncoding	0.8136
OTTMUST00000116698.1	noncoding	0.7240
OTTMUST00000129165.1	noncoding	0.8336
OTTMUST00000064911.2	noncoding	0.9166
OTTMUST00000084168.2	coding	0.3235
OTTMUST00000088625.2	noncoding	0.9361
OTTMUST00000077158.2	noncoding	0.8649
OTTMUST00000139475.2	noncoding	0.8439
OTTMUST00000085794.2	noncoding	0.7403
OTTMUST00000095254.1	noncoding	0.8930
OTTMUST00000071523.1	coding	0.2950
OTTMUST00000003951.4	noncoding	0.9016
OTTMUST00000158098.1	noncoding	0.8226
OTTMUST00000062649.1	noncoding	0.9345
OTTMUST00000080087.1	coding	0.0235
OTTMUST00000079296.2	noncoding	0.8863
OTTMUST00000080366.1	noncoding	0.9994
OTTMUST00000064714.1	noncoding	0.6171
OTTMUST00000153680.1	noncoding	0.7784
OTTMUST00000056890.2	noncoding	0.7443
OTTMUST00000116683.3	noncoding	0.9302
OTTMUST00000061946.1	noncoding	0.8884
OTTMUST00000083813.2	coding	0.2173
OTTMUST00000137150.2	noncoding	0.8225
OTTMUST00000043478.3	noncoding	0.8006
OTTMUST00000085043.2	noncoding	0.7613
OTTMUST00000023685.1	noncoding	0.6777
OTTMUST00000034795.1	coding	0.3520
OTTMUST00000055867.1	noncoding	0.6999
OTTMUST00000061833.2	noncoding	0.9385
OTTMUST00000102821.1	coding	0.0292
OTTMUST00000134912.1	noncoding	0.7336
OTTMUST00000070618.3	noncoding	0.9729
OTTMUST00000015760.2	noncoding	0.9685
OTTMUST00000145876.3	noncoding	0.9768
OTTMUST00000077163.2	coding	0.0430
OTTMUST00000114524.1	coding	0.3487
OTTMUST00000074173.1	coding	0.3742
OTTMUST00000080656.2	coding	0.2914
OTTMUST00000152575.1	noncoding	0.8541
OTTMUST00000033243.3	noncoding	0.9047
OTTMUST00000024150.2	noncoding	0.7075
OTTMUST00000150137.1	noncoding	0.6360
OTTMUST00000141942.3	noncoding	0.9368
OTTMUST00000098099.1	noncoding	0.8965
OTTMUST00000093805.2	noncoding	0.8209
OTTMUST00000062199.3	noncoding	0.9564
OTTMUST00000060824.2	noncoding	0.9937
OTTMUST00000089508.1	noncoding	0.8186
OTTMUST00000116213.1	noncoding	0.9072
OTTMUST00000150259.1	noncoding	0.9792
OTTMUST00000146862.2	noncoding	0.8655
OTTMUST00000047134.1	noncoding	0.9773
OTTMUST00000002651.1	coding	0.0048
OTTMUST00000116190.1	coding	0.0254
OTTMUST00000153989.1	noncoding	0.6818
OTTMUST00000044550.1	noncoding	0.8550
OTTMUST00000066378.2	noncoding	0.8414
OTTMUST00000125328.1	coding	0.0323
OTTMUST00000073665.31	noncoding	0.9496
OTTMUST00000070064.2	noncoding	0.9324
OTTMUST00000079373.2	noncoding	0.9718
OTTMUST00000079361.3	coding	0.0819
OTTMUST00000112327.2	noncoding	0.9572
OTTMUST00000034078.1	noncoding	0.8491
OTTMUST00000143560.1	noncoding	0.7155
OTTMUST00000063143.1	noncoding	0.9294
OTTMUST00000091859.1	noncoding	0.9146
OTTMUST00000065224.1	noncoding	0.9226
OTTMUST00000152004.1	noncoding	0.9809
OTTMUST00000035475.3	noncoding	0.9385
OTTMUST00000140102.2	coding	0.2161
OTTMUST00000043002.1	noncoding	0.8938
OTTMUST00000038811.2	noncoding	0.9122
OTTMUST00000087539.2	noncoding	0.9383
OTTMUST00000081281.2	noncoding	0.5932
OTTMUST00000116548.1	noncoding	0.9745
OTTMUST00000122720.1	noncoding	0.8459
OTTMUST00000129283.1	noncoding	0.8978
OTTMUST00000034076.1	noncoding	0.6443
OTTMUST00000065918.2	noncoding	0.8205
OTTMUST00000094975.1	noncoding	0.9137
OTTMUST00000003750.3	coding	0.0939
OTTMUST00000066921.1	noncoding	0.8642
OTTMUST00000062650.1	noncoding	0.9345
OTTMUST00000069409.1	noncoding	0.8755
OTTMUST00000123381.3	noncoding	0.9404
OTTMUST00000085875.1	noncoding	0.7211
OTTMUST00000151560.1	noncoding	0.8011
OTTMUST00000150810.1	coding	0.1838
OTTMUST00000096138.2	noncoding	0.9620
OTTMUST00000058897.1	noncoding	0.9214
OTTMUST00000068045.2	noncoding	0.8554
OTTMUST00000052011.2	noncoding	0.6869
OTTMUST00000110356.1	coding	0.1703
OTTMUST00000095365.1	noncoding	0.6866
OTTMUST00000092492.1	noncoding	0.8822
OTTMUST00000096596.2	noncoding	0.9774
OTTMUST00000063227.1	noncoding	0.9648
OTTMUST00000036658.1	noncoding	0.8749
OTTMUST00000070386.1	noncoding	0.9122
OTTMUST00000071588.1	noncoding	0.9612
OTTMUST00000114175.2	noncoding	0.8680
OTTMUST00000073778.1	noncoding	0.7017
OTTMUST00000071411.1	noncoding	0.9724
OTTMUST00000039783.2	noncoding	0.6732
OTTMUST00000042314.2	noncoding	0.7470
OTTMUST00000120164.1	coding	0.1995
OTTMUST00000135128.1	noncoding	0.8594
OTTMUST00000042778.1	coding	0.0000
OTTMUST00000002269.2	noncoding	0.8885
OTTMUST00000008770.3	noncoding	0.8868
OTTMUST00000059134.1	coding	0.2685
OTTMUST00000069325.1	noncoding	0.9047
OTTMUST00000109940.3	noncoding	0.8860
OTTMUST00000068607.1	noncoding	0.7706
OTTMUST00000089781.1	noncoding	0.8497
OTTMUST00000051984.1	noncoding	0.9403
OTTMUST00000069600.1	noncoding	0.7121
OTTMUST00000088254.1	noncoding	0.9516
OTTMUST00000039704.3	noncoding	0.8647
OTTMUST00000091876.5	noncoding	0.8777
OTTMUST00000109988.1	coding	0.3432
OTTMUST00000132166.1	coding	0.0914
OTTMUST00000075806.4	noncoding	0.9657
OTTMUST00000051472.2	noncoding	0.6944
OTTMUST00000057583.1	noncoding	0.9356
OTTMUST00000104131.2	noncoding	0.8266
